ID,price
0,64.30011327325843
1,80.21348381143184
2,122.15412315941113
3,-26.20283605248699
4,-19.798389064322855
5,63.392099367688274
6,122.1556570852745
7,79.07462013703645
8,88.43957886313022
9,164.16432657207335
10,80.2311076532563
11,95.17084480791122
12,88.46158419035075
13,72.67068422097971
14,104.340244379092
15,112.95891490714844
16,106.28362331821361
17,88.47699922494843
18,69.20119212896034
19,-8.393742062483057
20,88.52381664160426
21,106.30128795735604
22,88.50861141226827
23,122.13338133202105
24,122.1038450730418
25,119.71296712692241
26,70.15701607630633
27,3.625348760503123
28,39.49218168318569
29,9.34848738829168
30,87.25643365347733
31,139.9648280016539
32,106.31045538347873
33,-24.282688660947468
34,-16.719606500535154
35,56.99324141223989
36,106.26722217890166
37,88.55935572515077
38,-4.1207199795165055
39,237.2351447869495
40,-8.450477562589043
41,138.3580924709267
42,28.54889034496336
43,139.96605537242687
44,88.49770140543194
45,86.81178398178037
46,88.54998431243828
47,66.8008871563011
48,-24.228120020338903
49,38.05433864895754
50,52.43007459991493
51,72.13886129821302
52,88.54373670396329
53,64.32178755367484
54,80.24865571911671
55,88.59572821107204
56,146.2891827721731
57,145.50445111982356
58,137.45675355795674
59,140.04687794676585
60,124.0496892406417
61,69.1920363401814
62,69.71387815511906
63,80.27631054760619
64,122.13268195894389
65,-8.446514537304893
66,88.54865552357612
67,95.14617069737527
68,25.283403996255732
69,64.52955210000714
70,96.46437341356112
71,86.0989577426094
72,122.18434126883709
73,63.48787558624966
74,122.23549937357105
75,155.88703958740632
76,122.20229730787709
77,122.24474839432966
78,-8.358968791456832
79,86.10652480342561
80,122.21800374237235
81,59.247741810311105
82,102.11966165901404
83,-17.620715923063816
84,88.61517271039698
85,122.17065481017164
86,9.433109798642981
87,29.712112241319847
88,72.70641910500647
89,106.37955552247126
90,88.58103000556716
91,7.443823771615748
92,106.33683867824627
93,56.646681172970816
94,106.39137118979735
95,106.34833730354961
96,72.69846389446396
97,88.60238609354943
98,79.00645896536994
99,64.40961536289954
100,162.581454305536
101,118.80920189656432
102,68.83298534302811
103,23.49548903678019
104,41.524691101088884
105,124.11328776022626
106,122.2367477182087
107,58.50180639152339
108,106.34454910488104
109,42.03321945189459
110,77.76002577474452
111,79.35154616958843
112,106.48960780069912
113,98.0706400448802
114,50.774907087783596
115,-17.562327622989645
116,124.08173734408906
117,146.4270800129169
118,-0.6740746380013367
119,72.73990323407708
120,88.60400743272058
121,112.97523603398854
122,122.27977693619597
123,106.40879104503202
124,72.74631985049577
125,69.47224834305327
126,140.14523343177243
127,-10.052880591347687
128,85.24151131147681
129,-8.318939835341794
130,79.86083265747823
131,124.08861436834906
132,-3.9748920199439484
133,88.613491900866
134,106.38241471934774
135,72.34657029835411
136,28.016596765705238
137,88.59320466264533
138,5.047035742566359
139,106.37128442031742
140,-4.707717716386234
141,64.4198726126485
142,9.436362963917624
143,93.46066184212995
144,16.057496904905
145,88.62124312481872
146,-3.92993023943468
147,106.41304547021376
148,76.94815890256244
149,122.24626364715114
150,-8.274443130934273
151,-12.452532983598715
152,83.61069145624975
153,27.577484715251806
154,78.81692102115997
155,88.6711948326444
156,118.09091390518316
157,104.54355612866034
158,88.65569820341081
159,140.1864582978634
160,88.62249613771685
161,106.43371152163978
162,93.87833803667732
163,139.9358115542609
164,1.0686407261404507
165,106.45256740249768
166,162.7203691117911
167,88.6879444747761
168,106.43504612917383
169,88.58500466819505
170,98.16696039886416
171,-8.24569365833996
172,80.34294791116133
173,102.81224379040457
174,9.528945253071889
175,43.19645765917483
176,106.33148272547966
177,63.940373394206105
178,98.17677706422513
179,39.05562430559277
180,80.32037027107798
181,88.64067246895085
182,-24.099572068031517
183,140.1277237957923
184,63.947571830731114
185,113.01755072370581
186,98.82888080839028
187,106.4115126947618
188,-3.9957096232980804
189,80.34541780790009
190,34.976653449399564
191,122.30646211779344
192,98.06831581478282
193,-8.241081393817538
194,88.64745741164258
195,82.79852456630793
196,78.64383235281275
197,11.829844742994391
198,96.83289517144755
199,86.17529576468418
200,80.34333721129906
201,1.2142064457896349
202,98.26111741119978
203,146.4679330348858
204,140.01249857752293
205,106.51514835657095
206,88.6464351778708
207,98.16630182310496
208,98.06686722169567
209,98.14209817558996
210,88.64841902464312
211,9.529186519130583
212,82.30044922507597
213,-8.25230844267658
214,66.6778090673707
215,104.85757176313248
216,86.14736382061312
217,104.49075334345288
218,72.83523281508629
219,140.1005863258482
220,-17.514188453169783
221,88.7817646216357
222,98.12031314056344
223,106.48088325978725
224,88.70687843242087
225,-1.5401039646650296
226,106.41011071766448
227,122.35851072782435
228,13.821013198704728
229,29.932348936815664
230,72.54209598050545
231,138.271456987214
232,88.68497567370092
233,106.49821570171412
234,88.71791198162245
235,103.1174464994076
236,72.79309410239598
237,104.50089753776892
238,122.34315746440933
239,45.822362252096354
240,140.10773959481295
241,125.38825220049905
242,87.02400924850414
243,4.793899122472674
244,122.36480495228918
245,106.46772364840619
246,-8.246852288847023
247,106.45454306316046
248,140.07346401109692
249,98.1653110501302
250,140.13811974309934
251,-4.697032669286052
252,179.4676281055142
253,106.48991313876326
254,154.28707262715173
255,88.71854139740744
256,104.6888269305629
257,104.75759839018896
258,25.50158992835596
259,9.575038804936817
260,140.14690368775618
261,97.84588294035431
262,140.12607444705833
263,23.253374418228635
264,86.21166286368626
265,122.43517210896125
266,-25.78047334943223
267,72.78412506448244
268,146.5034324715257
269,79.39822087246961
270,138.53521902703054
271,106.48759242651492
272,114.04752514056462
273,98.21590732893368
274,98.20796727358398
275,106.4994745332841
276,72.7945823512195
277,79.17813403590475
278,44.07493896868445
279,46.86493975808312
280,88.78661815221682
281,-9.986414278211816
282,113.02302900181147
283,88.74525107071865
284,104.7747012034009
285,71.20313078698692
286,71.01745521808779
287,140.09066939280945
288,140.08025477246053
289,81.24985650603466
290,-25.76047169243728
291,25.579483348526285
292,9.628411535569434
293,43.23855902578139
294,64.55188238508079
295,106.51929202714254
296,9.608124297348773
297,106.52118379234659
298,116.01765455031541
299,-24.035808058352313
300,153.13333915157887
301,88.7512538952859
302,106.54672204739562
303,88.82040883637782
304,122.37769061978825
305,-8.176760226468318
306,106.55500478689322
307,101.50349121081537
308,17.222666449324997
309,140.2203596700197
310,89.69886948160305
311,98.44194245184163
312,100.66479694162867
313,104.73678078683484
314,88.70584801253955
315,122.4498469731638
316,134.93000480048144
317,106.51648059666732
318,140.24945649502234
319,9.593548483797768
320,88.752916031775
321,-17.484808625840518
322,88.78765202333234
323,25.489172788192835
324,119.83678710493068
325,43.37016332777911
326,97.14635826705297
327,59.41339071497631
328,122.4206382431396
329,106.5546014819741
330,104.46042843784834
331,122.38781965891148
332,98.28284994494975
333,140.0952618338786
334,88.78033089683527
335,122.43052134794368
336,122.39086186851306
337,88.75876033533088
338,63.602160319059536
339,88.78292318552789
340,6.074064764814929
341,31.653582303172264
342,-25.864072533814724
343,50.830779958925724
344,104.64653891554903
345,27.630641755336036
346,129.18536795551094
347,98.28860216693735
348,-16.480414200298686
349,87.16559908849918
350,-3.5009023767258256
351,135.23049294620986
352,5.420081382588088
353,63.09722621248143
354,117.37061312734672
355,88.81088005306536
356,-8.123008682630328
357,137.13603059276576
358,41.79081573426824
359,6.382348000752736
360,80.86395071066872
361,106.60714081023193
362,-27.88226377644464
363,31.8345313845469
364,82.94656830219054
365,122.45192405191578
366,1.3348458035443325
367,80.4852149333426
368,106.58035536095664
369,86.27037517486643
370,88.83125470459383
371,113.12850349579544
372,85.48108012409584
373,9.598059330231003
374,154.47706509391625
375,45.52339072401888
376,186.70558868965398
377,104.62027339569315
378,29.674093118052717
379,162.7847287090206
380,98.20047477170554
381,88.8527949557126
382,9.817022778810092
383,-8.057764332160858
384,106.60043861258752
385,124.39928117151436
386,82.66575335438183
387,179.42590646632954
388,39.24330302919225
389,122.4597778443691
390,122.45948644447152
391,122.48349077365718
392,21.323672172042073
393,27.443106195632897
394,41.690341156165495
395,1.3691376928645762
396,117.42650516989822
397,140.27682704491556
398,80.57583901784972
399,114.89361284223786
400,80.53138892943203
401,80.57608962042934
402,88.84645059740889
403,41.36669998855218
404,29.819039908849255
405,88.86987212679938
406,88.87655450099051
407,88.83981950746806
408,124.39707818295945
409,104.65076659941248
410,122.3274556315597
411,85.4962608617181
412,3.276651169896063
413,80.55122157848326
414,168.68515253934103
415,-2.573893650051798
416,88.81335110021551
417,88.8407298362183
418,-14.465741470150505
419,32.32179235085707
420,122.50945912616187
421,88.87488302798046
422,126.27397284697662
423,122.52185759328312
424,163.81164007412062
425,-9.964698527246227
426,152.90128450432306
427,97.33931622850507
428,98.2919940297701
429,106.59857363992002
430,-1.6916788221309467
431,88.83934976310584
432,106.61007226522337
433,122.50994517612831
434,122.35168791508305
435,-23.96520782173108
436,73.06755246862726
437,104.69412334635481
438,61.832134910716874
439,106.6608981727418
440,66.03378221680546
441,187.11542232253944
442,19.173697495132945
443,106.63048771406977
444,187.43286716592806
445,104.75680571851727
446,35.190004457345694
447,88.87203080018728
448,85.543068941853
449,25.651771363761785
450,98.3258511533742
451,95.8803815854377
452,101.39280131353529
453,83.90991206877341
454,140.23029751030825
455,98.84181142594258
456,77.26131190807071
457,-25.839093803873386
458,27.50852537271793
459,88.90475263458667
460,55.430162007631274
461,-23.943539359986556
462,5.305000231638339
463,106.65502937747218
464,-25.5749667974185
465,55.398971640058065
466,12.189006254497437
467,25.691293296045718
468,88.92822544822747
469,88.84244907562957
470,140.2769260955671
471,106.64392472056701
472,181.93382532193039
473,64.07458026990659
474,106.6797190749536
475,80.61751495526107
476,-7.944264238589511
477,88.89793271324885
478,88.94600781106328
479,122.52353603537644
480,106.69506767010816
481,122.53982526966686
482,80.60872634234374
483,57.195635730745
484,106.73574471505009
485,106.67561383426228
486,154.88164902558535
487,25.5248435335993
488,87.02365276270838
489,7.938614246275969
490,9.71851337443777
491,59.77502915891626
492,88.92955538750104
493,25.646598423720267
494,50.062555567333995
495,79.6332972247912
496,122.5601999211953
497,106.70923551047959
498,88.93793020856688
499,83.00553703462221
500,104.17418563569879
501,106.7058203063445
502,88.99547928759439
503,105.0073992593422
504,187.48947046569862
505,106.74964679764908
506,7.811072747560282
507,37.25116707519463
508,79.56478477414551
509,73.02061295071353
510,29.85159036786728
511,27.5481964894923
512,88.91855329909646
513,88.93243440783077
514,88.90897208112231
515,5.8241912133812646
516,41.23636392333788
517,106.59655129665255
518,106.76722984215557
519,80.60581816203981
520,153.22888232923708
521,80.58048971225244
522,80.28718078825058
523,46.58287003065941
524,-8.889682774885529
525,80.66818349217952
526,88.9452932827933
527,88.94545180380466
528,38.368766883239516
529,98.37166846053435
530,71.59322712694447
531,60.80700435325757
532,122.64261819258029
533,9.779095326545907
534,108.89437261311659
535,46.03822977277105
536,45.70481020179963
537,140.26527591833567
538,54.583411335836225
539,-7.967121641226726
540,119.25818679447741
541,71.11780754105816
542,96.66912541832616
543,122.6214159573489
544,25.714747436644632
545,88.95797848155166
546,73.0473995504002
547,88.97876692493158
548,103.34950650454402
549,27.523625666115667
550,81.22476157090577
551,88.98210053443073
552,25.692394757015737
553,43.45749324777142
554,106.70252397631424
555,116.21946613564023
556,122.5712859050586
557,-7.983614862106933
558,41.800023891094035
559,84.80512032884585
560,85.62291238056096
561,122.64136633009356
562,131.98936318810925
563,122.65788052483846
564,-11.963350888160148
565,146.7572518695635
566,106.76786507661244
567,79.5413254669186
568,106.74366142909744
569,-13.851500338128204
570,41.8444436691261
571,98.47640910116259
572,63.41471760524503
573,122.65811597222527
574,89.01251681177462
575,96.67413165124675
576,180.647260652074
577,97.51584252879816
578,45.52902515569822
579,79.70735231245406
580,88.96892576785687
581,98.38984199257803
582,122.63614677406223
583,88.9716509354357
584,39.39315226738253
585,89.22486211638241
586,88.99777199027989
587,122.64776447618837
588,94.794206987711
589,21.43396418866569
590,122.92873873069759
591,122.63037472862133
592,140.30548903758722
593,100.60381813815945
594,-11.938348816916472
595,122.83302330078487
596,97.18528567842546
597,87.37228287744698
598,-8.847490646702127
599,106.77444603271435
600,80.73653764210508
601,-23.76162449571842
602,55.64442226751735
603,9.806163989609225
604,14.168116559796752
605,89.00753270313008
606,113.3187612219649
607,124.56832430644995
608,89.0422022552443
609,25.755645924191956
610,7.893231638217096
611,119.27248038496765
612,83.18137214794764
613,120.95941983092959
614,122.67592184613318
615,106.71646800664259
616,-25.714456442188453
617,82.29569332323156
618,83.03995548578928
619,122.70297633464536
620,94.28992388532026
621,-6.817997319095191
622,78.98617170398384
623,116.71189412420799
624,73.08433889186034
625,-7.881951409726341
626,122.68001521309614
627,13.330857216533142
628,122.71070191647293
629,77.75034718052375
630,106.80320599224102
631,-7.827009774584283
632,106.76550471745756
633,140.3943239253909
634,64.00629364322069
635,85.66899544549355
636,187.0822201902306
637,9.87994168215591
638,100.94211012717193
639,116.29622074875678
640,80.82858841571449
641,81.38353800555457
642,54.15063796583158
643,25.715368666320092
644,-3.566186840409668
645,54.063153991166175
646,79.76431507383734
647,55.434468874460954
648,89.03077121979547
649,147.18205889384672
650,106.88398776926202
651,89.03732071510038
652,80.69079022562224
653,171.44847515681582
654,194.80749417005853
655,89.05520926600403
656,84.84029338694212
657,9.193426835468907
658,144.94703666512075
659,106.86066880837213
660,83.19325540512824
661,89.00628665931524
662,73.22056078039712
663,113.4901540088318
664,-10.242726583439987
665,122.66730085436357
666,116.33851913286985
667,32.253502308033156
668,96.61296002884593
669,-7.817611569335256
670,98.52517186809558
671,152.13037221597955
672,17.541772145561602
673,122.71198639016808
674,89.06387442144093
675,9.208428078215116
676,-8.77104584659962
677,79.32027859951725
678,113.44416532629029
679,89.09934917976409
680,119.34573238064134
681,106.84570951335527
682,126.50865430077985
683,89.08851028063137
684,106.83133768639405
685,-6.088689063578781
686,9.93315122351671
687,61.770186350728395
688,89.05128456888201
689,-25.63112202338137
690,122.72300478417685
691,1.5573350776389314
692,46.00691571993977
693,96.91527541566623
694,144.27954581084109
695,97.67736571727488
696,139.38361169663298
697,106.87029197407563
698,89.07761542898785
699,86.8116487333448
700,87.25769898205475
701,9.923156213691094
702,156.42330546412234
703,106.73147859473956
704,98.60412365109518
705,18.086647807055037
706,140.4693348073824
707,135.83196490024253
708,79.33261644586725
709,140.606586326737
710,139.15527194442672
711,89.06707841668505
712,9.898579571642607
713,106.90927190388234
714,104.92452588326258
715,63.533894144839934
716,103.5138138325919
717,71.3153499177778
718,26.047826389798676
719,124.62139745107545
720,-17.07161681351045
721,48.19528241265594
722,219.62220430950566
723,-14.225051373108158
724,-2.224349962760549
725,45.78133748702406
726,27.749874045519494
727,106.89416924304695
728,122.88605097983195
729,89.09605938706444
730,106.92591430925299
731,89.06080049782445
732,25.8340836476623
733,99.75197602123079
734,89.1031187053908
735,106.89296284613866
736,95.76429560727465
737,89.18300530885438
738,89.14964472214905
739,103.38516631410776
740,91.23194681883594
741,106.85184636722013
742,140.7060759505369
743,104.88689478606253
744,95.05154537541071
745,25.983043597581887
746,138.81156471428653
747,-7.782525924546761
748,106.89479865883193
749,-7.826976012964451
750,-17.049989149083874
751,80.46602672721878
752,42.3441367244098
753,43.714157904519105
754,99.96959654987097
755,8.480867925596108
756,57.96127674068007
757,88.24355470882493
758,98.59738647480468
759,151.8249188464238
760,89.14863297530961
761,105.17538358253815
762,80.8679494595494
763,140.54135943228314
764,39.51751920303455
765,106.89659367420727
766,95.68989733709637
767,89.20485793373543
768,-7.7830213110341475
769,63.95049428186752
770,116.60786086888123
771,19.45013648098345
772,1.713250128605345
773,89.17296483345035
774,15.291372730486524
775,80.8130952377151
776,113.5242962152941
777,25.857189285441468
778,-3.51300064035122
779,30.435712333844812
780,122.78563817291182
781,89.17153347608759
782,83.27265940985959
783,122.767666978679
784,36.47389643240781
785,170.10284091048487
786,89.127558950704
787,81.38853386555971
788,98.67975346193936
789,177.74565862915625
790,25.867798555859256
791,101.045100000977
792,98.64034458508839
793,86.65969927503733
794,89.1819177860509
795,89.15395625025296
796,147.02512957038883
797,106.96038102518882
798,6.285004539921171
799,89.16066426656923
800,178.1321393908996
801,79.86424758284802
802,83.30057548007912
803,106.93051256899402
804,98.70501080402315
805,98.67367486140809
806,89.21508954135923
807,40.30359142264666
808,89.16479048112522
809,98.69388050499282
810,37.503687994755865
811,17.551883662054358
812,89.20771713061188
813,1.7242486991608454
814,164.85951121286215
815,73.6278197458062
816,66.42769088002946
817,-16.97727915588739
818,45.85884390787949
819,10.04961775072558
820,86.65883743134708
821,94.42755020166364
822,115.17424675876632
823,113.60775115698492
824,156.67120484925505
825,-41.22335281809209
826,45.82456832416345
827,64.16242965961231
828,93.59187249995335
829,106.91123822802419
830,98.65626664351716
831,19.542883109820966
832,106.97717728331037
833,97.65788107267586
834,2.11892000266409
835,98.67618088720432
836,107.01313015870831
837,-0.14234646686998828
838,124.81280612000994
839,89.02010593025206
840,105.83885561139219
841,24.30804996756722
842,46.343013200679636
843,98.6153599698603
844,8.054503725746692
845,113.37445179904066
846,23.389846639454014
847,-7.7925442756747145
848,12.591051250731562
849,170.5785047396234
850,-2.447572094216537
851,123.21599449140473
852,103.30705325378732
853,-1.5414025937687417
854,98.65714666188178
855,10.048800653954991
856,-25.446951735896608
857,30.31962455322644
858,89.26247575302884
859,122.86654931096997
860,122.95354256740849
861,-27.53838333685649
862,77.3966448295242
863,116.87794166553184
864,171.474428627666
865,106.96891084941697
866,98.72563720854262
867,117.85638112386684
868,122.8852979550668
869,107.0289344934437
870,89.27495114652552
871,10.105327499210723
872,87.57383057406953
873,82.87337431935036
874,10.089830869977142
875,113.39945387028433
876,30.126245975686196
877,95.80085175796492
878,80.99836820319615
879,-23.496194567355754
880,135.5885129963154
881,147.31755481990328
882,-16.00163326398989
883,107.02935410396702
884,140.58866053146775
885,140.59466802429546
886,124.81749064264734
887,3.512626367426073
888,116.92834308280503
889,82.24965447572515
890,-7.641978141776789
891,-17.67826505661556
892,63.68140636517768
893,56.332172607015245
894,122.80865869820599
895,-49.63498199139833
896,124.83639780775556
897,48.57818323541833
898,122.89522767586071
899,10.19727570431953
900,140.5869226190146
901,84.22748613996947
902,55.83284744856235
903,281.68343827492066
904,107.03785713565864
905,89.21076164103626
906,121.15973943812041
907,124.77920189980826
908,11.917664867998804
909,116.5279882035842
910,89.2599207438051
911,84.28193705688463
912,3.375107082829637
913,32.25915862250998
914,107.05518957758551
915,113.61243683003372
916,14.439386123454833
917,89.30287303541692
918,140.70203126400196
919,124.74308583513847
920,15.776585571636526
921,96.51147688715247
922,98.75993491653475
923,140.63758533726119
924,-7.6563849473840975
925,10.1368336001809
926,107.05551710654058
927,71.56943801623137
928,12.70901442433489
929,107.12550545000728
930,10.17137027340889
931,-12.655270851776166
932,129.32471590499495
933,106.98081508046225
934,73.43824780816088
935,50.28273691693541
936,26.045940376651618
937,10.119839174141426
938,107.06461809322016
939,122.956392427764
940,126.72367211347557
941,107.06464373534531
942,123.03200478259258
943,89.31329347443773
944,124.81251235267469
945,124.83044274958955
946,122.87876591577752
947,30.508235796467112
948,26.014548481525797
949,117.10033777426163
950,-3.259424809194937
951,88.63948904410063
952,26.017882091024948
953,121.94628514023505
954,84.2892355607381
955,1.8344932600198756
956,47.98417850858719
957,-12.579086088178789
958,103.45635818867758
959,46.89155488595826
960,89.33331028662548
961,73.46187447455257
962,107.0900188011225
963,81.1119498914034
964,122.88274409625448
965,107.09814301960873
966,81.04583715991306
967,24.074259995587134
968,10.12227876049456
969,-7.6368786768765204
970,27.941976202244422
971,83.39462870688786
972,80.99819682781478
973,10.14534245054437
974,89.34137855260094
975,105.38903505715442
976,101.75616704976633
977,98.83726651077458
978,107.10335323911913
979,77.67311058145687
980,122.97481469331717
981,116.56684689184846
982,-14.130042731955838
983,107.17050917824592
984,122.93540581646617
985,105.61453570332289
986,107.12239328311354
987,107.07036097868682
988,123.12770620772389
989,185.38891933869922
990,67.19572357547537
991,123.0312238148795
992,180.9215187736457
993,107.11023026337911
994,71.58928230262637
995,155.1070881958978
996,30.087903581159146
997,61.952136828761596
998,69.27891823693702
999,123.06938549750424
1000,130.00887274156034
1001,89.31821344446195
1002,81.61833147839621
1003,101.80228976160546
1004,73.48533795167243
1005,-2.2645064749142394
1006,124.86058393264005
1007,-15.936826046674229
1008,89.3404693742621
1009,81.04230538249598
1010,122.94357665094225
1011,70.11874486891617
1012,39.665488313364534
1013,89.37748061248932
1014,120.48089760305912
1015,80.99219048539848
1016,97.61038710871998
1017,73.46242811437352
1018,37.946988234081445
1019,60.443055736980526
1020,89.33719753594559
1021,107.11849317942341
1022,105.23430448195373
1023,107.13185792780568
1024,-7.546049455368205
1025,120.38478353648776
1026,79.9688492478419
1027,-7.588541339138729
1028,10.08319856301005
1029,39.56155191513686
1030,89.42719220466772
1031,98.88676944810273
1032,84.47883685829476
1033,89.33318437682254
1034,10.22092564539873
1035,-7.557128470148228
1036,123.1710839285309
1037,103.8117056562534
1038,124.92662088816635
1039,-7.552670058376691
1040,89.3889594143394
1041,64.20083275498587
1042,124.92455544675813
1043,104.61659990475816
1044,101.23997860953108
1045,96.99834263105551
1046,46.13884383112128
1047,140.78726908535683
1048,89.39765127742798
1049,122.9895769708275
1050,91.30706118792399
1051,10.200224615326597
1052,86.96739326817271
1053,55.77698193010602
1054,30.417441486990022
1055,107.15065318789233
1056,98.81717040477372
1057,123.00276804300557
1058,-7.661688465489007
1059,98.86871199097352
1060,123.0718565446544
1061,69.92835315689847
1062,104.64728193987449
1063,124.99019843388625
1064,123.0605677246127
1065,98.90835631521132
1066,98.88039477941338
1067,81.11876277704309
1068,89.4062207485627
1069,89.38455810549003
1070,113.5619673333683
1071,105.50458543694117
1072,26.320354785026712
1073,123.00327973509717
1074,89.40672195372193
1075,89.48021758289198
1076,122.96483713950718
1077,103.79959840986776
1078,147.17964537683338
1079,118.72555388216256
1080,111.37233316818904
1081,107.060966224672
1082,80.22020769749318
1083,165.08369645168054
1084,123.0041236244043
1085,89.4001421480314
1086,98.91258509826791
1087,-25.287504974127973
1088,169.75222742665886
1089,105.61554743548749
1090,89.39756034627112
1091,98.89628070878469
1092,26.292030741627617
1093,120.44145489797344
1094,-2.1092456420832066
1095,-23.31842925894595
1096,107.1522034193599
1097,140.8062181981944
1098,89.3896051357286
1099,107.19969571737917
1100,43.89086830133386
1101,123.05765954430875
1102,154.45389275023456
1103,18.284255175478826
1104,10.236521325283839
1105,107.12146076347236
1106,25.318190110326405
1107,129.6989299073245
1108,145.76258070985782
1109,107.19453211385859
1110,140.81817723133904
1111,-7.49154028511947
1112,113.47546549078456
1113,123.08790681370893
1114,123.17355030742058
1115,89.40107345064634
1116,101.12044838333073
1117,107.17420407831997
1118,81.63064598344388
1119,73.60367527022069
1120,89.38499402161757
1121,-25.3475787519936
1122,163.17606173310662
1123,19.770489371446306
1124,86.81979736540563
1125,-7.4450037814288805
1126,123.104814976852
1127,57.67160753740138
1128,107.250859640785
1129,134.95994989966735
1130,123.02108889046954
1131,89.44635227317833
1132,107.26544127300788
1133,122.18461650317086
1134,-32.61049102951639
1135,73.60013767413173
1136,42.27048244099867
1137,124.95851162101377
1138,-7.488160059630488
1139,98.02776646846316
1140,123.11940709600722
1141,26.158523105774595
1142,80.12285665975271
1143,78.67852030424757
1144,103.87051004900182
1145,26.133736658464446
1146,-16.719961808667225
1147,140.83101628284828
1148,89.44027367264707
1149,79.50950996547138
1150,98.99044353979217
1151,89.41465382296211
1152,116.69113690112502
1153,60.815685782392706
1154,10.323183534918208
1155,123.07859250391861
1156,46.172928216002674
1157,123.403527481748
1158,89.4006911195919
1159,-9.948594171229331
1160,121.43507069541866
1161,89.52646965576827
1162,140.90650624572297
1163,26.206327777556115
1164,98.92697438124475
1165,89.51630563799895
1166,89.4813703281123
1167,98.92362561655277
1168,-7.423789908853763
1169,107.28277953360663
1170,79.69875166484417
1171,57.49962142250529
1172,123.1337031470044
1173,56.046020593253616
1174,107.22845682731722
1175,81.94810246417623
1176,86.97442535494801
1177,107.2669507071575
1178,119.85974936325529
1179,73.62735903953454
1180,-23.32745101842728
1181,107.24823819211815
1182,-3.099819526414916
1183,147.36115391670086
1184,123.0703668673432
1185,104.755189482881
1186,44.045776273721295
1187,107.23861617682606
1188,147.27736139087528
1189,48.17836126191315
1190,89.44828131785128
1191,81.23447749651308
1192,-40.99623030561039
1193,-13.308961210812086
1194,10.348646014003172
1195,-25.22449277218765
1196,81.19477721976452
1197,89.50360643445919
1198,107.20684080023439
1199,140.80461546545024
1200,126.76345791098159
1201,98.92384124048631
1202,8.53283013950091
1203,71.95964566977369
1204,123.1556478534537
1205,-1.250294562387571
1206,81.1952376276058
1207,120.53646276869945
1208,113.79122459250652
1209,89.44566920570539
1210,107.24496168554117
1211,-11.424139551671315
1212,105.63221839223786
1213,89.52031527927294
1214,147.31387724261512
1215,123.17201401411955
1216,42.190930335573434
1217,66.86230846949631
1218,-7.423737474192066
1219,-11.580906004590375
1220,107.26139428565014
1221,157.04368327612426
1222,33.86993810114432
1223,96.48696153716418
1224,81.22148689307573
1225,-25.112431005062337
1226,63.82816089248982
1227,123.19281294443181
1228,107.29370699645854
1229,43.68631824746028
1230,139.07433117963814
1231,48.33709241161526
1232,46.26738349560809
1233,107.30057353378619
1234,89.4984486496105
1235,105.41159422732943
1236,123.17061878581428
1237,107.28658518829081
1238,96.48479472002478
1239,123.12632721840797
1240,80.34709066170737
1241,71.69502528695826
1242,107.31189848288537
1243,76.20046465164707
1244,107.31154064354466
1245,59.07456999722741
1246,123.14025961139258
1247,105.45893849126966
1248,123.06929636880267
1249,77.89587961810531
1250,74.70055308131505
1251,87.7688695555474
1252,67.9463015532675
1253,107.42130843771115
1254,6.524435738778673
1255,81.23382473942574
1256,51.614172372556034
1257,85.35109865364329
1258,107.29283861543767
1259,-27.067213709916082
1260,-11.551942777132695
1261,89.48720644555864
1262,44.10461564511582
1263,89.62047511617578
1264,81.87380137557938
1265,128.4214554986877
1266,7.9050699317085185
1267,81.45528839512922
1268,88.61122900609209
1269,113.20588005466198
1270,129.4476928563681
1271,-3.0256467150586532
1272,89.54384052757544
1273,-23.257818213478455
1274,89.58577525367595
1275,125.1450585732576
1276,-23.26206681998833
1277,10.441439258830535
1278,65.3571029318784
1279,-6.396916294026934
1280,107.39733332174677
1281,99.0080603459185
1282,8.488596825428168
1283,107.34404333616146
1284,30.496643805954385
1285,28.139259418505535
1286,107.31527404011389
1287,147.42241398113697
1288,89.56594842329658
1289,73.66661751486885
1290,81.30911071571064
1291,80.21733883360572
1292,123.24608425697522
1293,107.35575176672648
1294,148.45563544453177
1295,46.32386497699643
1296,71.80835055391401
1297,-3.748021251415018
1298,105.45644992148904
1299,123.25799200586958
1300,147.38105063775754
1301,88.6514252452276
1302,-23.211153499162105
1303,-24.87574220497007
1304,40.41073680750064
1305,116.80402503492698
1306,26.160158383112293
1307,80.37162693819054
1308,37.91872237740105
1309,99.07121361285458
1310,4.678885437379232
1311,78.75194360868778
1312,26.277414064143787
1313,47.58096186603686
1314,123.46913312279237
1315,107.36846260760998
1316,107.35827294771552
1317,116.79377942252177
1318,80.29138882125547
1319,123.23484205292338
1320,10.477275560946488
1321,89.57702858848799
1322,123.31607841911381
1323,107.31731498980837
1324,-15.67263749386595
1325,54.14666292971362
1326,89.6257377703479
1327,-33.49289209328582
1328,141.04012687039406
1329,26.264586649978273
1330,121.70193928907344
1331,63.555169316521834
1332,106.85288230314387
1333,123.28992705388401
1334,88.73629243948665
1335,2.191904004699786
1336,89.5643340532087
1337,102.9167586222116
1338,19.98116534565249
1339,107.3659682191575
1340,-2.7426068691936583
1341,107.36763502390707
1342,-15.60477054431823
1343,107.38144969319826
1344,87.94919965861223
1345,107.36579454295331
1346,125.19118243550814
1347,10.450736045990375
1348,123.21716807726003
1349,107.36305422018167
1350,120.04921146488637
1351,89.63757441153864
1352,96.29811069204641
1353,89.60234770175441
1354,-0.9124051767931909
1355,104.90410688192314
1356,147.4193976339302
1357,123.19182447227986
1358,2.172828982059293
1359,-7.356843841603492
1360,123.1902753912237
1361,2.1697051778217893
1362,89.61524737403491
1363,125.19410225315585
1364,6.7699964784672995
1365,30.636136743744167
1366,123.27738637135562
1367,123.30858943508444
1368,89.66231539327038
1369,107.39097029040117
1370,55.666045474404186
1371,81.32622516626633
1372,116.9221770399273
1373,105.54077626368228
1374,94.94128742172374
1375,46.18807275795258
1376,72.50614899595084
1377,89.62099959602251
1378,87.10362951557696
1379,115.09607942396235
1380,87.9672792400175
1381,65.42854590739536
1382,44.150633421016686
1383,116.99050906557679
1384,87.98478535814857
1385,89.67153410364335
1386,107.39951411941074
1387,83.79913893160025
1388,10.475457204268814
1389,107.45780451924477
1390,101.67070361943482
1391,89.6596624838065
1392,81.34620118113612
1393,181.12411126006873
1394,103.94939426860131
1395,89.712937314199
1396,-0.9561384361180862
1397,123.32346828587679
1398,107.43426059790039
1399,175.30431240890857
1400,46.34388409000701
1401,107.46488086183408
1402,80.31817611656999
1403,64.62468402398642
1404,103.9577282923492
1405,72.00885010110133
1406,105.46884602117261
1407,-7.2187577694627265
1408,-13.581058598673124
1409,7.163388353884806
1410,123.38941782809529
1411,36.961867967815735
1412,38.42360448803479
1413,107.45013604033936
1414,46.40954223232792
1415,89.67628973398433
1416,-9.098078931569901
1417,165.36205284486024
1418,147.4793921179827
1419,137.768626128468
1420,-27.090508245707092
1421,18.22897945153182
1422,19.370250808195415
1423,141.14314590417337
1424,104.9296270004635
1425,91.6218366830148
1426,28.310984622879207
1427,118.28686782057862
1428,107.49390657913315
1429,147.50228213182834
1430,107.51536990387648
1431,123.6048844779034
1432,48.53655067348335
1433,44.286720491192334
1434,46.744105498904815
1435,-16.470110104174058
1436,130.09883845723166
1437,89.73399266576274
1438,-7.22464171992516
1439,107.44930845663644
1440,107.47848687627503
1441,123.37048617127334
1442,125.27231386576031
1443,107.48503637157994
1444,15.149375122713062
1445,115.26647326890264
1446,64.82924066695821
1447,195.67377429590135
1448,15.633244199209834
1449,123.4543148261564
1450,28.300391658065625
1451,82.18812536464054
1452,107.48488833750089
1453,64.04771289292111
1454,107.49420379770261
1455,25.609047539127964
1456,141.11688263392205
1457,-13.087818181595281
1458,145.88551079395754
1459,26.4725864400331
1460,-16.471771090251767
1461,123.406050896945
1462,107.56970891577011
1463,107.50530378634731
1464,89.72634982898248
1465,99.19155108377933
1466,99.21353076887473
1467,57.9124332913329
1468,89.69009039849412
1469,10.531714773903055
1470,141.11595248171852
1471,51.632312077421375
1472,99.2536250140215
1473,80.34138010937282
1474,10.562877040313928
1475,105.75018643723519
1476,79.50846387487205
1477,49.78802922439777
1478,99.2772971459916
1479,-25.67168942704929
1480,107.53274429353273
1481,107.52772872409118
1482,26.502327836013567
1483,-13.058276103944152
1484,107.51965578985525
1485,107.5200392713211
1486,123.36952104042375
1487,87.18865358206844
1488,89.72363048007551
1489,89.73391222153822
1490,83.01563712042646
1491,86.45347538192732
1492,99.20797901562784
1493,117.01334542773445
1494,139.2630799034106
1495,123.67509426397552
1496,97.57103207480955
1497,141.12855608584096
1498,89.77245738562881
1499,99.2003152049829
1500,99.21982032507907
1501,14.04251190647984
1502,81.43742552145402
1503,121.76980587519789
1504,72.98859428833744
1505,46.89499657402892
1506,10.571549079949243
1507,-25.543662105155303
1508,-1.3460020464510838
1509,66.8858910238545
1510,89.74533973913799
1511,80.52464056647486
1512,107.54299105634936
1513,70.61033912153978
1514,121.8287930435685
1515,89.7180122873855
1516,73.92778719937789
1517,123.38253376813718
1518,89.74885751177366
1519,99.24622811156038
1520,-2.705395872054645
1521,0.47269284838095116
1522,89.78008621762766
1523,123.37111206920927
1524,123.57440988061109
1525,48.45838445984245
1526,123.43885080813124
1527,107.5395198997035
1528,78.66913173922175
1529,89.77467201152746
1530,-7.10372617878393
1531,10.616004987038785
1532,107.54031250476034
1533,73.93925551429562
1534,107.52330759178854
1535,102.29852553179501
1536,187.69550637122072
1537,107.56585075980936
1538,99.27331077940511
1539,64.119385497153
1540,-18.700500984770407
1541,10.645710253961774
1542,62.212792835804095
1543,99.36453748716067
1544,80.58379791001227
1545,-7.154139383544049
1546,114.2328421114961
1547,107.55618794719929
1548,99.29289282587672
1549,89.81316122310729
1550,92.49015893543816
1551,107.5538975453366
1552,99.31039894400776
1553,21.659887443627362
1554,139.64895000442837
1555,30.812480031312127
1556,141.20787152685313
1557,24.669237772918013
1558,102.54109627222287
1559,95.73841696631632
1560,10.64422294408822
1561,89.75802005817447
1562,125.37232215073506
1563,99.25365295696943
1564,107.61534787846561
1565,120.91355697794017
1566,123.44294204404115
1567,125.37288979533741
1568,89.77410551733651
1569,125.41010035189396
1570,62.34309843094867
1571,20.060618267196464
1572,81.45639560815626
1573,141.1624248467888
1574,179.91701733489484
1575,74.0286988440196
1576,14.043019911142347
1577,107.55599444754185
1578,107.58539782763489
1579,141.31364955644594
1580,105.64197809119531
1581,4.499808662893169
1582,47.84963084792037
1583,89.83992218066881
1584,123.45006967088075
1585,107.60697887607164
1586,123.4494868710856
1587,107.60189686718698
1588,-2.693970025908027
1589,-7.153913272678167
1590,107.59314905158762
1591,107.5438162726146
1592,28.47160050208723
1593,105.7565190915803
1594,141.24404002618462
1595,81.47556386277641
1596,22.209625145871318
1597,35.09790338505045
1598,123.45386368822119
1599,80.11117163452067
1600,28.446773257459117
1601,65.69737940254934
1602,-7.107085369089987
1603,107.62445468381706
1604,82.30563208296095
1605,85.52828907029117
1606,64.23146356988252
1607,87.38536268301144
1608,89.80001791733042
1609,86.53696947215718
1610,104.28429608700938
1611,123.47887042772535
1612,58.21324499925697
1613,181.3940695574951
1614,82.13399774312927
1615,99.30846286363669
1616,123.46436572187791
1617,105.20119446318408
1618,125.36005304465097
1619,117.0735869965175
1620,81.43645718339202
1621,89.80757427975288
1622,107.66188553256761
1623,-7.0479662351416295
1624,95.55998953608878
1625,107.5795756483551
1626,26.606590546170043
1627,141.20742857502745
1628,-8.959640905375167
1629,20.356412104856165
1630,89.83297519911665
1631,-7.059070892046805
1632,89.76063001434412
1633,89.86247066077794
1634,89.88917451541731
1635,26.51960777666388
1636,-17.124868423739688
1637,12.951208003625263
1638,-7.079332488142313
1639,141.26467109896456
1640,81.57043188553293
1641,86.5384427772493
1642,107.64166006552959
1643,10.746464528003507
1644,101.73777042986006
1645,2.4349614299802833
1646,99.35656942224814
1647,52.97788227950831
1648,107.8441757588069
1649,84.89657026802615
1650,125.40089442927612
1651,22.633982146956434
1652,84.90241270251185
1653,89.86946540873133
1654,74.03829751800936
1655,80.66194028398333
1656,10.719055481615108
1657,90.6427258706949
1658,48.56922697568946
1659,123.62730468077194
1660,89.88947173398675
1661,99.35332322605676
1662,28.47774784288443
1663,89.85035425703335
1664,86.53466506551307
1665,107.7123442642244
1666,89.85195462233982
1667,117.130462344593
1668,68.05718841341275
1669,89.91384438944544
1670,141.2432648771434
1671,89.90696269692499
1672,80.64885572990755
1673,99.42480349715757
1674,89.93150902858787
1675,40.34108745644754
1676,73.08821133919201
1677,63.87862036909703
1678,52.042288003246014
1679,104.28814614992984
1680,141.37532715085223
1681,-18.327661134096566
1682,48.589228632684396
1683,107.66390665880881
1684,117.14463018496443
1685,123.67641831796234
1686,107.67832977002033
1687,89.92817075082824
1688,107.67932169340648
1689,64.72985443158025
1690,100.71218931514406
1691,64.92094402154441
1692,141.34708470208906
1693,141.32204765219927
1694,89.88293854428606
1695,40.25157416943139
1696,48.95162314205839
1697,73.66361471615926
1698,48.885801810465615
1699,139.61479559563995
1700,84.9023730556053
1701,107.69240552882349
1702,26.59794178122222
1703,14.960297519729531
1704,121.02222790667625
1705,80.60639530693406
1706,107.64595643844068
1707,62.35030422764437
1708,71.55789902888446
1709,8.876628984453156
1710,62.29131492659377
1711,89.97134333463406
1712,89.89344057794277
1713,120.12902567700526
1714,89.92255255813824
1715,99.415198988381
1716,-48.837153612186505
1717,99.40899217722396
1718,26.6135258237636
1719,107.74002603746851
1720,95.87259474865743
1721,10.720585889629412
1722,89.964988489398
1723,117.16813445940222
1724,141.52447708258023
1725,125.46879865829271
1726,64.71730513118966
1727,83.21225364143369
1728,107.68341292931639
1729,130.48546390882203
1730,-26.742169327732547
1731,89.94301929123495
1732,73.64853735729585
1733,107.64258785029544
1734,47.14144921211377
1735,64.94636570331144
1736,107.76521694010917
1737,115.41535879640313
1738,89.96100097240009
1739,117.2534562428307
1740,104.39083871209623
1741,2.5088941256892734
1742,30.227708557684814
1743,8.871220597024838
1744,117.22162958198872
1745,17.176384005004813
1746,107.72765903114427
1747,138.8625704853405
1748,107.73000071725728
1749,121.8078404555706
1750,99.42749603741304
1751,107.68683395212334
1752,141.7266559103815
1753,141.32705970379178
1754,107.72307822741887
1755,107.75765569796484
1756,-24.696889598586015
1757,228.65329609795856
1758,64.40313282174543
1759,99.4361214610585
1760,102.37693524570254
1761,121.00379169569473
1762,116.92294911827479
1763,99.46532552282224
1764,117.24504644311875
1765,-15.261239757961235
1766,134.43333690326443
1767,141.35784897566913
1768,99.43574846652501
1769,123.80221431015435
1770,81.69677103061353
1771,125.52063279480151
1772,74.19200110361534
1773,89.9544013432563
1774,-6.947767968358505
1775,107.76172596001005
1776,64.85988595562087
1777,-22.811463043411006
1778,131.98115974798134
1779,54.62950212882317
1780,78.97314371656992
1781,123.63449637961699
1782,88.97345945311847
1783,64.4914560174575
1784,123.66646640627752
1785,30.779202123039276
1786,125.49151614634557
1787,161.53214413301805
1788,89.99052322659796
1789,147.79645801493623
1790,107.73530883700782
1791,87.50721425634629
1792,107.79074119037679
1793,46.94136376866865
1794,130.02376215297872
1795,47.80447945770439
1796,119.44361782957344
1797,125.54927503063475
1798,90.02945187215438
1799,-17.124000109333682
1800,123.63570859519716
1801,14.129303240956498
1802,99.49175428316822
1803,64.36999834590597
1804,89.96448958506156
1805,99.05771219623361
1806,107.78666159181064
1807,107.80864127690602
1808,22.393641569915538
1809,30.8610679050147
1810,-6.86287513197432
1811,72.11933260743032
1812,85.82822722173657
1813,26.746689558442473
1814,142.70148611097875
1815,91.94393912327456
1816,90.06829892307488
1817,90.01761638137502
1818,123.67050635793711
1819,107.8010951899545
1820,155.73437250781464
1821,88.373695666468
1822,107.80089587162517
1823,68.63903933508523
1824,74.4012346056265
1825,132.03045288004782
1826,90.03344053956367
1827,106.59053511524132
1828,107.82749248950346
1829,66.98262834123712
1830,-6.94181527763017
1831,-24.645632443200544
1832,6.818300331920848
1833,107.80241464229572
1834,107.74475832650714
1835,22.7310880702991
1836,-24.44953557556521
1837,139.54983675978133
1838,89.98517661035227
1839,73.83804831064694
1840,123.71448670199258
1841,81.73637103968431
1842,90.10391493299683
1843,10.935641048408861
1844,99.51370947654985
1845,90.04455101514071
1846,105.96399548558495
1847,105.9297350570617
1848,46.71724835391272
1849,107.81912348710948
1850,91.91754297413699
1851,80.23120485117784
1852,-40.367448579183225
1853,123.67926839860911
1854,123.63122102345142
1855,10.828662440579613
1856,88.48224361055937
1857,139.7677005670034
1858,100.21895517222129
1859,7.146748414125436
1860,123.72665554039888
1861,99.53642581419132
1862,90.12688187321791
1863,82.28527482083325
1864,43.84133407559132
1865,123.65163647229782
1866,123.73413051964684
1867,72.74347977475401
1868,72.63355904436924
1869,90.09289768939945
1870,107.83325053016293
1871,86.20516534401843
1872,125.59580801647627
1873,-6.838490839171868
1874,90.06219583082985
1875,65.83221237985005
1876,113.94605324204221
1877,-6.865526891026775
1878,90.10917176849706
1879,123.67905133735808
1880,80.83457624885989
1881,107.80754908584208
1882,81.79461130567945
1883,148.50877498697017
1884,119.39644279386813
1885,117.31889287593135
1886,81.8069433333576
1887,90.06065723670602
1888,152.71521402530445
1889,-24.642287196357632
1890,105.88953472556528
1891,107.79901107550438
1892,99.61557691552024
1893,107.88166364386477
1894,-15.212220569776733
1895,42.85804275256904
1896,107.86391741008644
1897,26.794199312477364
1898,123.71423258156389
1899,123.87951207615951
1900,107.85667787822528
1901,147.91724650596308
1902,90.10802714277142
1903,106.00430068640476
1904,96.67747178203338
1905,90.1139017567129
1906,85.07990291662828
1907,10.955234732224234
1908,42.89137302888876
1909,64.86981776577615
1910,86.71538632062807
1911,58.385734321944476
1912,84.15838894020764
1913,90.12844259161781
1914,91.42279860722077
1915,73.15241823408203
1916,122.02350520668178
1917,90.11940337612089
1918,74.67651722982184
1919,-8.458431716606981
1920,81.64486021175111
1921,90.09889117744574
1922,88.43090623124058
1923,74.19724422503016
1924,96.68165104281783
1925,-6.795153915682818
1926,132.28004322149073
1927,97.01856149766977
1928,99.55896962604
1929,107.87792206118601
1930,71.45469144298605
1931,92.03453986647934
1932,46.28252518992407
1933,-6.810982742131955
1934,107.88703820305841
1935,-40.446750082028835
1936,99.62750097001879
1937,48.82424228370317
1938,62.54282017622076
1939,107.90425292129189
1940,90.08660576575744
1941,17.4554956705254
1942,81.82594373044545
1943,164.35812256856084
1944,42.887631446210015
1945,85.92489722895166
1946,74.25915496600047
1947,120.98861542144438
1948,92.00821482504536
1949,-6.786400281411602
1950,9.040135521334683
1951,99.66924686472231
1952,90.0192201979157
1953,123.76321915853995
1954,121.15901434266725
1955,117.97293455238004
1956,107.89255030939873
1957,107.9147549549486
1958,107.93438263219927
1959,82.96300137635171
1960,90.01014018510081
1961,99.60109433394888
1962,141.70235544642296
1963,107.9184056064705
1964,90.17004627091418
1965,28.727344276537497
1966,96.729926609373
1967,11.038982942882761
1968,107.92932143197868
1969,-1.5037468141033206
1970,-6.8289632728857015
1971,123.78406937310251
1972,-6.76633218497355
1973,141.53177946942054
1974,90.13586276876642
1975,85.1290841436732
1976,43.479731128090364
1977,129.66572358546142
1978,125.64365578639857
1979,90.15870149836174
1980,90.17438229073184
1981,-22.639649275318146
1982,106.01524912312136
1983,47.09971021987866
1984,99.61126417039007
1985,72.58574266862911
1986,87.64678175307385
1987,74.30232288154582
1988,123.96110858251343
1989,-10.775752504085046
1990,107.91751158332445
1991,74.29418350786678
1992,87.65110728595917
1993,107.93125981317255
1994,65.03848866842097
1995,125.73318537901893
1996,33.556834375197255
1997,99.65246806261639
1998,107.92462872323172
1999,122.39210129826819
2000,90.20319820276926
2001,46.050195444352184
2002,90.16437212571343
2003,123.92491575666882
2004,80.93358555101977
2005,123.69407585479178
2006,80.90269143354955
2007,90.16066552168077
2008,26.839915201548312
2009,99.6770913206547
2010,65.94083309705083
2011,90.21124082661957
2012,123.62515873735416
2013,26.992106192466455
2014,11.096149690855832
2015,86.89085310768047
2016,107.96392569506119
2017,81.79351559676643
2018,107.95659408163178
2019,139.09060569401012
2020,107.94341349638604
2021,141.54703713341826
2022,26.919745852501112
2023,90.17704700274008
2024,133.65096955536626
2025,106.03983740251358
2026,146.06800947520253
2027,122.14010039342676
2028,123.85458363373343
2029,31.558239633089304
2030,165.67046409157922
2031,114.6302484575439
2032,43.68084430950979
2033,81.84216882611555
2034,117.40595135478671
2035,99.60877560060945
2036,15.363798365040134
2037,90.23088464427383
2038,72.65328704817821
2039,90.20600611539541
2040,90.23653429776084
2041,141.63794213089062
2042,99.71021761038462
2043,98.41186126352171
2044,17.925505601313084
2045,141.64240054266216
2046,44.589282766094975
2047,46.88309542649584
2048,141.64939995887602
2049,141.55912437718862
2050,123.94281682840884
2051,123.80304994673709
2052,41.35895645333932
2053,11.07241226985402
2054,90.2110834560196
2055,49.28252049108748
2056,124.04027598944658
2057,26.81956267429594
2058,90.25603474959654
2059,67.45327161204156
2060,9.179051478001163
2061,90.15617794993503
2062,106.08462083855822
2063,84.30695370470279
2064,107.99830499768923
2065,-18.249467110737434
2066,44.71618143628326
2067,123.88522228380289
2068,121.28059428020475
2069,84.33557496667135
2070,-11.408326993751137
2071,41.240503234740295
2072,106.13524742774732
2073,141.52761009010894
2074,86.01575906166842
2075,117.44574486351493
2076,-15.958395227381404
2077,148.01060744661106
2078,90.23153503392349
2079,132.11548434737523
2080,123.98379109192021
2081,104.6604064923586
2082,108.04075141588132
2083,72.48673426832082
2084,90.29907445451613
2085,108.03155367937302
2086,169.10094522900022
2087,-16.883980225394286
2088,123.86313069368597
2089,-10.692412266606096
2090,68.50240340572378
2091,98.59995932410622
2092,-0.971775286811202
2093,-24.461025089176832
2094,54.954231525091146
2095,108.02076606449057
2096,60.66417267845074
2097,-3.418644405840735
2098,99.76701136382418
2099,108.05334453307141
2100,90.27304081297974
2101,169.76793703679104
2102,88.50059102194074
2103,11.129829620406703
2104,108.02489227904657
2105,99.71660506682909
2106,-12.561562469897694
2107,25.310936424507734
2108,87.80312223323547
2109,58.70822031028495
2110,106.11630061573256
2111,108.05190455784646
2112,-15.12998994559102
2113,106.0468134774251
2114,90.22284432124631
2115,80.9739929123181
2116,108.05491458799227
2117,124.01012777069793
2118,123.8858831603849
2119,108.04414212830265
2120,141.6419167935185
2121,69.38501552912454
2122,99.79038742763625
2123,108.08774365915272
2124,103.84509015605411
2125,9.12209216785211
2126,82.06769922601518
2127,143.4634863409278
2128,80.93401825993492
2129,7.020726488474518
2130,72.92667092660776
2131,99.7427727376631
2132,100.19427451602681
2133,88.8147130149938
2134,-8.6445840867538
2135,63.15461754459573
2136,114.66733238563876
2137,108.04320335823694
2138,90.3069597077665
2139,140.7670701191431
2140,56.32801174389485
2141,99.78372602730981
2142,123.9398538460055
2143,123.93956244610793
2144,123.93004766757689
2145,141.6922216724244
2146,141.685856340256
2147,44.752192565014774
2148,-6.631801231552203
2149,141.68858150783487
2150,141.72878298974268
2151,103.60279681074243
2152,165.86527280945597
2153,108.04300798950933
2154,123.88034189407038
2155,108.06064698652659
2156,90.27471925507307
2157,-2.415222530135307
2158,-15.873184198563083
2159,90.25472341674998
2160,28.922477005520253
2161,-22.488512045583658
2162,-10.631573893246452
2163,87.7722478488731
2164,165.85750176205
2165,141.76827927990146
2166,106.19649025643747
2167,24.89437448175503
2168,-2.2524392930623494
2169,11.214079036224497
2170,99.78877305754838
2171,108.07398142452323
2172,11.194083197901413
2173,25.182613635788375
2174,85.30666133934477
2175,90.29055390019407
2176,39.74221399689269
2177,42.95673618684817
2178,90.30880133913165
2179,106.1794293909549
2180,108.09970384270878
2181,90.30117832580467
2182,123.85733530694274
2183,165.93407572987908
2184,123.9444870843926
2185,-6.562722066424328
2186,51.50304204683196
2187,120.56703533824232
2188,124.05715147476637
2189,81.05298664304706
2190,106.12335828527999
2191,108.16376161972323
2192,124.01864243973327
2193,-30.774338190999767
2194,141.91685108009474
2195,108.0849846633392
2196,102.24055102709404
2197,82.02383890647594
2198,-23.287108501063305
2199,141.74419917475174
2200,104.74788343132589
2201,82.03909542006224
2202,90.35804785520828
2203,99.79940330183084
2204,90.35004136041545
2205,82.32646424957015
2206,90.36138146470743
2207,99.84435459540778
2208,108.0901948828496
2209,108.12477235339557
2210,102.8421754566021
2211,96.55174786004844
2212,81.07392240184726
2213,-2.285573768901796
2214,106.43691791042292
2215,88.74807573704186
2216,90.36836572572848
2217,40.55163393638685
2218,125.89541326087719
2219,106.22626311321496
2220,125.94207215652166
2221,86.19653396847136
2222,74.35049597818617
2223,28.97633111785885
2224,90.30507024338523
2225,108.12685876866847
2226,32.52329614147062
2227,90.38900613502936
2228,44.87593827099136
2229,23.792592829758508
2230,115.75806314946861
2231,106.73905055746286
2232,101.390798716992
2233,132.10885204040815
2234,141.6570637029061
2235,90.37542691312497
2236,87.95414167992354
2237,56.775653245944
2238,11.172601200116212
2239,74.46959779364263
2240,156.03219392527356
2241,141.74635784813964
2242,124.0132958234876
2243,72.82238886441013
2244,-6.619282739914738
2245,2.834445531703927
2246,90.39809196651613
2247,90.33053739073068
2248,123.9832024068383
2249,80.5628989963441
2250,82.11705061141522
2251,29.085601277962187
2252,64.69672935629237
2253,4.468403938339186
2254,-12.407849257074787
2255,99.88098350258056
2256,-24.36004937252969
2257,43.14848638951914
2258,130.48064851667712
2259,90.40127754193627
2260,125.95268724561132
2261,44.8022083448459
2262,62.914074750166094
2263,124.01527500199944
2264,105.66117945891314
2265,141.7996536523968
2266,90.36526871402755
2267,108.1551128547754
2268,90.3786334624098
2269,139.23101823045621
2270,114.77791568104395
2271,98.78956479155586
2272,102.9260157488289
2273,90.43296665563155
2274,117.6068677665541
2275,132.27883121283398
2276,108.17003717114616
2277,108.20731416714581
2278,65.1255762406357
2279,106.20742935663314
2280,23.01061818256381
2281,90.41938743372717
2282,105.69597722165311
2283,108.16394808368254
2284,46.94563551663629
2285,-8.505454133745346
2286,41.678676004922366
2287,125.88093067930583
2288,81.10965520534243
2289,90.42830425727023
2290,-24.24060470772469
2291,132.51809671467342
2292,49.219082726722235
2293,124.06007359323687
2294,64.80484440373775
2295,123.1665276899448
2296,90.42783918116845
2297,125.99544603756567
2298,74.53901497465792
2299,80.07389792831606
2300,38.67796939684996
2301,64.86691833397987
2302,117.66192245712911
2303,107.04684916607687
2304,-24.291926001730477
2305,92.18033409640297
2306,78.66756599506266
2307,82.62156140706867
2308,114.83635526536841
2309,90.42112649659171
2310,124.02699973816866
2311,82.12919495810777
2312,3.00388852032443
2313,99.93044564259073
2314,108.18978355730101
2315,99.90061798371387
2316,90.38556758959194
2317,66.74435354955486
2318,90.41670421387768
2319,66.69738930456174
2320,108.18128634428129
2321,48.54858389207572
2322,82.15545937877052
2323,108.21978022412158
2324,114.57384959808469
2325,117.7035867571967
2326,83.56732637152604
2327,99.93243997629538
2328,140.26408370207037
2329,122.33622267835801
2330,11.259397439048193
2331,54.75254026490359
2332,-30.702362549526537
2333,-6.459175034949226
2334,85.30216850697515
2335,-24.17678122768564
2336,56.53635070024849
2337,52.200135703439294
2338,27.142608121129204
2339,123.21624510079505
2340,29.05156811071625
2341,90.42697058868616
2342,66.2186796672091
2343,108.34915345930908
2344,-34.545204895565895
2345,90.43583167117988
2346,106.29611154209731
2347,-6.510946249863977
2348,106.2977783468469
2349,82.37772612646316
2350,30.656805844763163
2351,65.02106867995658
2352,82.20205765364375
2353,82.20289105601854
2354,108.2557389181914
2355,90.44619033901805
2356,124.16544364965011
2357,141.85855479497397
2358,3.011405447301747
2359,108.22728666416656
2360,141.85565595119095
2361,141.91025490218513
2362,108.26465574173446
2363,38.98692866456258
2364,47.417236524673484
2365,108.25365832159036
2366,90.45468288377731
2367,60.79104212204996
2368,108.27168080007347
2369,124.10991454645242
2370,90.45756657236751
2371,140.47966340731142
2372,-6.478863167770513
2373,176.93210875762213
2374,106.41752956674229
2375,108.23499709080131
2376,87.99317992241686
2377,22.216325329003958
2378,11.30952397348944
2379,124.21948077471382
2380,56.57302040473924
2381,-14.662378922390573
2382,90.57442361674036
2383,117.74967449038975
2384,118.9992704193737
2385,108.28719840317174
2386,126.00640496121461
2387,64.49283210064505
2388,101.294964616108
2389,96.29516466470696
2390,106.3456039924931
2391,44.912800258113286
2392,130.54238321400558
2393,126.03810923010272
2394,106.57763255020028
2395,124.14733024001015
2396,88.89892156687878
2397,-6.389190209331588
2398,108.2919587017732
2399,78.85429234911328
2400,-6.412785414926262
2401,124.12533539972195
2402,124.16891128844688
2403,72.79504071233126
2404,124.14448268047744
2405,-9.365143822859407
2406,124.17134505612815
2407,40.74822366485752
2408,81.23389486048889
2409,97.07665999541308
2410,88.90326286338865
2411,233.08641583617498
2412,102.97655370768395
2413,90.51477411765853
2414,90.49423627685826
2415,117.74687354684686
2416,102.41940034045825
2417,40.718314411344764
2418,90.58710414723825
2419,27.36421162480217
2420,66.28320295207797
2421,108.26096077504555
2422,11.400184187054059
2423,49.274267928745786
2424,141.8356565950188
2425,124.20855094442423
2426,108.24780583192495
2427,-15.64899895974469
2428,108.2701689984862
2429,22.25966225249301
2430,204.7633971053699
2431,88.04104169712055
2432,99.98237882975104
2433,140.12977994331146
2434,124.14743862718261
2435,90.50273930854986
2436,170.88219310599612
2437,86.38577226005935
2438,108.31134724858737
2439,171.48128843838677
2440,108.34135907060072
2441,96.62881468724315
2442,126.07534657919581
2443,-22.248993366803514
2444,108.30150027284077
2445,108.28208723431287
2446,124.23257624747457
2447,108.32312211859548
2448,51.764206722927405
2449,90.59741734949799
2450,90.55910763279422
2451,90.55431702380714
2452,81.19279260664298
2453,100.02552577143172
2454,19.14612421830805
2455,11.408114905882833
2456,31.30242144380714
2457,141.92637276109417
2458,108.31541751063257
2459,72.17388595235454
2460,108.33350642855879
2461,49.23844908264546
2462,108.33562315421733
2463,96.66248239396873
2464,124.22958065386283
2465,93.27052616372985
2466,-32.206206106688825
2467,108.36947369805918
2468,142.00415312583158
2469,114.9320648099944
2470,64.99651531259559
2471,124.19829599549806
2472,108.33045955069674
2473,130.7051822050682
2474,141.9133203864742
2475,138.54296580451663
2476,71.33967934798284
2477,0.29171066752494523
2478,61.06476405773868
2479,100.06564099044314
2480,-56.49043317380922
2481,108.36383062433443
2482,-6.43218099743855
2483,126.11963929701353
2484,90.52680052919627
2485,122.45126690101533
2486,124.13993448796045
2487,104.10535483211729
2488,124.23383507904455
2489,44.231676276224135
2490,156.80954481244032
2491,99.9876822812411
2492,108.34712759819253
2493,141.94715186795315
2494,141.1072129922691
2495,106.67290366137458
2496,124.17391400351843
2497,142.05059287969345
2498,82.15536172255219
2499,-6.2267967707638405
2500,124.21864033664089
2501,105.00143707159124
2502,66.27247856942624
2503,132.77920254746826
2504,108.37062605395849
2505,74.70927966169462
2506,-6.353689622280243
2507,11.43952892528474
2508,108.40545412708406
2509,9.588342975179692
2510,-6.3735269395919545
2511,-1.8824470685360783
2512,15.760497895439963
2513,82.35873148143232
2514,54.80934752265894
2515,146.75809356729454
2516,124.19058205101422
2517,90.64194084644205
2518,90.57911044020058
2519,82.22875562299637
2520,90.5803273240412
2521,90.66417113411705
2522,8.101313377931397
2523,-6.296779295558665
2524,206.2802485199855
2525,101.65481431225486
2526,124.18901781476525
2527,-9.19827495522103
2528,108.36588206096124
2529,88.15038526575027
2530,90.682019936396
2531,46.98322586316409
2532,124.25700715626682
2533,115.0059705017054
2534,42.79282813265553
2535,73.07271613193738
2536,-8.231031605875572
2537,108.35313624143164
2538,108.4194331360585
2539,108.43106464024807
2540,90.66898271696881
2541,66.85537051700135
2542,92.53700135476086
2543,-30.277933346251668
2544,115.84994007747412
2545,90.6270328356755
2546,-6.252865390946326
2547,108.38306646880909
2548,90.55957034145831
2549,49.8291975369182
2550,108.39546493593033
2551,64.60251483557361
2552,170.9788677814717
2553,117.89135289410397
2554,124.30908607668337
2555,90.54988188672311
2556,65.51173949159251
2557,89.16807562190459
2558,6.773841722367245
2559,-17.77117804306696
2560,116.55207284932125
2561,24.276323237748535
2562,108.40996497351729
2563,178.3724524233954
2564,-22.166148515811937
2565,126.06267676952339
2566,82.34891129822229
2567,90.6521165015551
2568,68.87264968406389
2569,117.93055778436518
2570,124.84737581212342
2571,108.41296638580091
2572,106.48626016243554
2573,51.624229159120866
2574,124.2672644060158
2575,148.50775239513942
2576,124.28625316575992
2577,-14.442117061949787
2578,90.74564409810571
2579,124.30292588151617
2580,-6.283469349275791
2581,108.44042204817914
2582,50.54809820101773
2583,90.66995014864123
2584,116.75766688125763
2585,97.24291037291532
2586,117.91885517247204
2587,142.0824066861654
2588,90.63812348779926
2589,75.0649852383595
2590,25.61067826877748
2591,89.19641130264742
2592,88.15272343401422
2593,-1.923888775586872
2594,-8.18269426813778
2595,41.52826683332675
2596,124.31101978961678
2597,126.2114977213769
2598,11.551362214106511
2599,81.39040736807576
2600,90.65397328811308
2601,100.15989238516981
2602,65.5818276043695
2603,73.11971419388068
2604,-23.940673084780105
2605,25.439373085492413
2606,-30.340158828421917
2607,3.226121373167523
2608,90.67278837165301
2609,66.1505748414014
2610,115.00014760376688
2611,90.70903264694856
2612,162.0316795754992
2613,49.54734421173778
2614,100.11966059287637
2615,90.67412297918705
2616,90.70892541018749
2617,74.79812151858154
2618,108.45506078332419
2619,65.21067644822901
2620,90.66141795697541
2621,112.41904798781471
2622,-6.201674675003943
2623,72.5261027903901
2624,27.34946673669261
2625,63.15473568723421
2626,121.86955928256924
2627,124.42863912866085
2628,90.6613363623395
2629,108.50922030034177
2630,82.41237227066017
2631,108.49558979418708
2632,87.33847407840119
2633,90.75076338645925
2634,74.66223758811901
2635,-17.75437409720339
2636,95.15602890946384
2637,146.59633996482927
2638,133.87023002267023
2639,123.48651225413461
2640,108.48396877692987
2641,90.69241703411446
2642,108.44401789760167
2643,119.67869224445496
2644,105.0586353734306
2645,142.0567320343811
2646,108.46084913436928
2647,98.55965066946797
2648,108.48771151002002
2649,34.75117414630868
2650,89.24558204276002
2651,45.21834425507598
2652,9.634857287979337
2653,124.3522248322545
2654,108.46189234200574
2655,160.66798831940957
2656,108.51125076310392
2657,82.42137650751101
2658,142.1262809438712
2659,-0.28484882719136134
2660,164.6407274350207
2661,-6.195042434651711
2662,118.82646181084917
2663,74.84545644600085
